topic,similarity,nouns,probabilities
190,0.0790953099966114,"['ドラマ', '仕事始め', 'ニスヤキ', 'スペック', '田曽', '鉄の女', '毛穴', '生理', '元君', 'CPU']","[0.96665746, 1.6305225e-06, 1.6305225e-06, 1.6305225e-06, 1.6305225e-06, 1.6305225e-06, 1.6305225e-06, 1.6305225e-06, 1.6305225e-06, 1.6305225e-06]"
1,0.07555713645282956,"['アルバム', '叩き', '元君', 'ルンド', 'スペック', '田曽', '鉄の女', '毛穴', '生理', 'CPU']","[0.96631163, 0.0028191842, 1.5096563e-06, 1.5096563e-06, 1.5096563e-06, 1.5096563e-06, 1.5096563e-06, 1.5096563e-06, 1.5096563e-06, 1.5096563e-06]"
178,0.07544385981730546,"['野球', '目標', '関西', '元君', 'CPU', '総額', 'スペック', '田曽', '鉄の女', '毛穴']","[0.7055128, 0.15629093, 0.123515844, 7.179742e-07, 7.179742e-07, 7.179742e-07, 7.179742e-07, 7.179742e-07, 7.179742e-07, 7.179742e-07]"
165,0.04258420033628556,"['美女', 'ポケモン', '生理', '仕事始め', '総額', 'スペック', '田曽', '鉄の女', '毛穴', '争奪戦']","[0.35965535, 0.23164673, 1.9987187e-05, 1.9987187e-05, 1.9987187e-05, 1.9987187e-05, 1.9987187e-05, 1.9987187e-05, 1.9987187e-05, 1.9987187e-05]"
137,0.03742935489947587,"['なのかな', '元君', '仕事始め', '総額', 'スペック', '田曽', '鉄の女', '毛穴', '生理', '争奪戦']","[0.9315349, 3.3480992e-06, 3.3480992e-06, 3.3480992e-06, 3.3480992e-06, 3.3480992e-06, 3.3480992e-06, 3.3480992e-06, 3.3480992e-06, 3.3480992e-06]"
50,0.03617370478184495,"['大谷翔平', 'cm', '生理', 'CPU', '総額', 'スペック', '田曽', '鉄の女', '毛穴', '元君']","[0.5488878, 0.13624577, 1.539841e-05, 1.539841e-05, 1.539841e-05, 1.539841e-05, 1.539841e-05, 1.539841e-05, 1.539841e-05, 1.539841e-05]"
