topic,similarity
123,0.8280831537572286
459,0.8278163303966523
220,0.8259744788180909
295,0.7591747996013205
471,0.7591746227640279
32,0.7576225480231675
