topic,similarity
114,0.6409306553767102
186,0.6393191675167494
449,0.6367538743626437
