topic,similarity,nouns,probabilities
96,0.08473641831377732,"['春日', 'チャンス', '元君', 'CPU', '総額', 'スペック', '田曽', '鉄の女', '毛穴', '生理']","[0.50118065, 0.43683293, 3.031404e-06, 3.031404e-06, 3.031404e-06, 3.031404e-06, 3.031404e-06, 3.031404e-06, 3.031404e-06, 3.031404e-06]"
19,0.07839308275583677,"['距離', '通り', '生理', '仕事始め', 'CPU', '総額', 'スペック', '田曽', '鉄の女', '毛穴']","[0.6752755, 0.30312395, 1.0563618e-06, 1.0563618e-06, 1.0563618e-06, 1.0563618e-06, 1.0563618e-06, 1.0563618e-06, 1.0563618e-06, 1.0563618e-06]"
45,0.07818278437269537,"['ベッド', '太郎', '元君', 'CPU', '総額', 'スペック', '田曽', '鉄の女', '毛穴', '生理']","[0.88073534, 0.088268384, 1.5158641e-06, 1.5158641e-06, 1.5158641e-06, 1.5158641e-06, 1.5158641e-06, 1.5158641e-06, 1.5158641e-06, 1.5158641e-06]"
157,0.044888023603844134,"['かな', '音色', 'ルンド', 'スペック', '田曽', '鉄の女', '毛穴', '生理', '元君', '仕事始め']","[0.93095535, 0.010571884, 2.8595837e-06, 2.8595837e-06, 2.8595837e-06, 2.8595837e-06, 2.8595837e-06, 2.8595837e-06, 2.8595837e-06, 2.8595837e-06]"
50,0.04096241142836758,"['大谷翔平', 'cm', '生理', 'CPU', '総額', 'スペック', '田曽', '鉄の女', '毛穴', '元君']","[0.5488878, 0.13624577, 1.539841e-05, 1.539841e-05, 1.539841e-05, 1.539841e-05, 1.539841e-05, 1.539841e-05, 1.539841e-05, 1.539841e-05]"
137,0.04019377873204305,"['なのかな', '元君', '仕事始め', '総額', 'スペック', '田曽', '鉄の女', '毛穴', '生理', '争奪戦']","[0.9315349, 3.3480992e-06, 3.3480992e-06, 3.3480992e-06, 3.3480992e-06, 3.3480992e-06, 3.3480992e-06, 3.3480992e-06, 3.3480992e-06, 3.3480992e-06]"
