topic,similarity
204,0.004511760135895331
313,0.004440920131060982
230,0.003604882327993748
