topic,similarity
215,1.4372260164576793
127,1.4328041873699011
420,1.4313348978064782
184,1.2798468093077342
478,1.2780545661894327
486,1.275338179115796
