topic,similarity
83,1.2753882715936566
143,1.2665889329999407
339,1.264292143640064
475,1.2031569431225457
486,1.2007392170359787
494,1.1996314499563385
