topic,similarity,nouns,probabilities
167,0.09114283118864894,"['ライブ', '楽屋', '出川', '元君', '生理', '仕事始め', 'スペック', '田曽', 'ニスヤキ', '鉄の女']","[0.72854257, 0.192373, 0.07203488, 3.4476517e-07, 3.4476517e-07, 3.4476517e-07, 3.4476517e-07, 3.4476517e-07, 3.4476517e-07, 3.4476517e-07]"
1,0.07505345713270076,"['アルバム', '叩き', '元君', 'ルンド', 'スペック', '田曽', '鉄の女', '毛穴', '生理', 'CPU']","[0.96631163, 0.0028191842, 1.5096563e-06, 1.5096563e-06, 1.5096563e-06, 1.5096563e-06, 1.5096563e-06, 1.5096563e-06, 1.5096563e-06, 1.5096563e-06]"
122,0.07226566006937216,"['フェス', '久々', '生理', 'CPU', '総額', 'スペック', '田曽', '鉄の女', '毛穴', '争奪戦']","[0.88012433, 0.08517878, 1.6968448e-06, 1.6968448e-06, 1.6968448e-06, 1.6968448e-06, 1.6968448e-06, 1.6968448e-06, 1.6968448e-06, 1.6968448e-06]"
137,0.038161564216241436,"['なのかな', '元君', '仕事始め', '総額', 'スペック', '田曽', '鉄の女', '毛穴', '生理', '争奪戦']","[0.9315349, 3.3480992e-06, 3.3480992e-06, 3.3480992e-06, 3.3480992e-06, 3.3480992e-06, 3.3480992e-06, 3.3480992e-06, 3.3480992e-06, 3.3480992e-06]"
157,0.03727652790808023,"['かな', '音色', 'ルンド', 'スペック', '田曽', '鉄の女', '毛穴', '生理', '元君', '仕事始め']","[0.93095535, 0.010571884, 2.8595837e-06, 2.8595837e-06, 2.8595837e-06, 2.8595837e-06, 2.8595837e-06, 2.8595837e-06, 2.8595837e-06, 2.8595837e-06]"
50,0.03455506422284054,"['大谷翔平', 'cm', '生理', 'CPU', '総額', 'スペック', '田曽', '鉄の女', '毛穴', '元君']","[0.5488878, 0.13624577, 1.539841e-05, 1.539841e-05, 1.539841e-05, 1.539841e-05, 1.539841e-05, 1.539841e-05, 1.539841e-05, 1.539841e-05]"
