topic,similarity,nouns,probabilities
90,0.06603935246279957,"['たん', '仕事始め', '総額', 'スペック', '田曽', '鉄の女', '毛穴', '生理', '元君', 'CPU']","[0.97864187, 1.0444427e-06, 1.0444427e-06, 1.0444427e-06, 1.0444427e-06, 1.0444427e-06, 1.0444427e-06, 1.0444427e-06, 1.0444427e-06, 1.0444427e-06]"
10,0.0635766828080295,"['最初', '言い方', 'シロ', '元君', 'ニスヤキ', 'スペック', '田曽', '鉄の女', '毛穴', '生理']","[0.84632933, 0.14689548, 0.00011242272, 3.2587474e-07, 3.2587474e-07, 3.2587474e-07, 3.2587474e-07, 3.2587474e-07, 3.2587474e-07, 3.2587474e-07]"
62,0.062022535600309035,"['たま', 'ペットボトル', 'こんばんは', 'おいで', 'ひかり', '総額', '密室', 'スペック', '鉄の女', 'CPU']","[0.6587538, 0.23201022, 0.051268317, 0.02673321, 0.008292823, 1.1221184e-06, 1.1221184e-06, 1.1221184e-06, 1.1221184e-06, 1.1221184e-06]"
50,0.03612729221088444,"['大谷翔平', 'cm', '生理', 'CPU', '総額', 'スペック', '田曽', '鉄の女', '毛穴', '元君']","[0.5488878, 0.13624577, 1.539841e-05, 1.539841e-05, 1.539841e-05, 1.539841e-05, 1.539841e-05, 1.539841e-05, 1.539841e-05, 1.539841e-05]"
165,0.035043581444364466,"['美女', 'ポケモン', '生理', '仕事始め', '総額', 'スペック', '田曽', '鉄の女', '毛穴', '争奪戦']","[0.35965535, 0.23164673, 1.9987187e-05, 1.9987187e-05, 1.9987187e-05, 1.9987187e-05, 1.9987187e-05, 1.9987187e-05, 1.9987187e-05, 1.9987187e-05]"
26,0.03494224176358153,"['ロケット', '前田', 'ルンド', 'スペック', '田曽', '鉄の女', '毛穴', '生理', '元君', 'CPU']","[0.48992482, 0.12144538, 1.9005756e-05, 1.9005756e-05, 1.9005756e-05, 1.9005756e-05, 1.9005756e-05, 1.9005756e-05, 1.9005756e-05, 1.9005756e-05]"
