topic,similarity
204,0.003657214282047169
313,0.003598586889123121
230,0.002873712026640651
