topic,similarity
463,1.437168250017077
321,1.4364091798523875
99,1.433263652680213
475,1.364574764544765
486,1.362930517173508
361,1.3623220430742395
