topic,similarity
143,1.2665334129333496
83,1.2662209263194502
174,1.262617748659269
489,1.2146531938066805
494,1.2128982131190145
486,1.2087575330723466
