topic,similarity
328,1.437084341889436
220,1.434567320740448
18,1.4342486223448878
231,1.3794797455246126
263,1.377045414072978
486,1.3743454940718225
