topic,similarity
127,1.4396548399301334
215,1.4372587759120792
358,1.429939964271727
486,1.2636193031246221
478,1.2632477934207391
361,1.2374256383074393
